{
  "total_samples": 128,
  "consistency": {
    "num_positive": 26,
    "num_negative": 102,
    "accuracy": 0.8125,
    "precision": 0.5208333333333334,
    "recall": 0.9615384615384616,
    "f1_score": 0.6756756756756757,
    "tnr": 0.7745098039215687,
    "fpr": 0.22549019607843138,
    "auc": 0.918552041053772,
    "tp": 25,
    "fp": 23,
    "fn": 1,
    "tn": 79,
    "pos_prob_mean": 0.7687755823135376,
    "neg_prob_mean": 0.20959731936454773
  },
  "validity": {
    "num_positive": 62,
    "num_negative": 66,
    "accuracy": 0.8984375,
    "precision": 0.8656716417910447,
    "recall": 0.9354838709677419,
    "f1_score": 0.8992248062015503,
    "tnr": 0.8636363636363636,
    "fpr": 0.13636363636363635,
    "auc": 0.9613880515098572,
    "tp": 58,
    "fp": 9,
    "fn": 4,
    "tn": 57,
    "pos_prob_mean": 0.7593042254447937,
    "neg_prob_mean": 0.14576542377471924
  },
  "per_source_type": {
    "gt_pos": {
      "count": 26,
      "consistency": {
        "num_positive": 26,
        "num_negative": 0,
        "accuracy": 0.9615384340286255,
        "precision": 1.0,
        "recall": 0.9615384615384616,
        "f1_score": 0.9803921568627451,
        "tnr": null,
        "fpr": null,
        "auc": null,
        "tp": 25,
        "fp": 0,
        "fn": 1,
        "tn": 0,
        "pos_prob_mean": 0.7687755823135376,
        "neg_prob_mean": 0.0
      },
      "validity": {
        "num_positive": 26,
        "num_negative": 0,
        "accuracy": 0.8846153616905212,
        "precision": 1.0,
        "recall": 0.8846153846153846,
        "f1_score": 0.9387755102040816,
        "tnr": null,
        "fpr": null,
        "auc": null,
        "tp": 23,
        "fp": 0,
        "fn": 3,
        "tn": 0,
        "pos_prob_mean": 0.6033987998962402,
        "neg_prob_mean": 0.0
      }
    },
    "image_swap": {
      "count": 36,
      "consistency": {
        "num_positive": 0,
        "num_negative": 36,
        "accuracy": 0.7777777910232544,
        "precision": 0.0,
        "recall": null,
        "f1_score": null,
        "tnr": 0.7777777777777778,
        "fpr": 0.2222222222222222,
        "auc": null,
        "tp": 0,
        "fp": 8,
        "fn": 0,
        "tn": 28,
        "pos_prob_mean": 0.0,
        "neg_prob_mean": 0.22548873722553253
      },
      "validity": {
        "num_positive": 36,
        "num_negative": 0,
        "accuracy": 0.9722222089767456,
        "precision": 1.0,
        "recall": 0.9722222222222222,
        "f1_score": 0.9859154929577464,
        "tnr": null,
        "fpr": null,
        "auc": null,
        "tp": 35,
        "fp": 0,
        "fn": 1,
        "tn": 0,
        "pos_prob_mean": 0.8719027042388916,
        "neg_prob_mean": 0.0
      }
    },
    "perturb_heading": {
      "count": 15,
      "consistency": {
        "num_positive": 0,
        "num_negative": 15,
        "accuracy": 1.0,
        "precision": null,
        "recall": null,
        "f1_score": null,
        "tnr": 1.0,
        "fpr": 0.0,
        "auc": null,
        "tp": 0,
        "fp": 0,
        "fn": 0,
        "tn": 15,
        "pos_prob_mean": 0.0,
        "neg_prob_mean": 0.03835000470280647
      },
      "validity": {
        "num_positive": 0,
        "num_negative": 15,
        "accuracy": 1.0,
        "precision": null,
        "recall": null,
        "f1_score": null,
        "tnr": 1.0,
        "fpr": 0.0,
        "auc": null,
        "tp": 0,
        "fp": 0,
        "fn": 0,
        "tn": 15,
        "pos_prob_mean": 0.0,
        "neg_prob_mean": 0.02457040548324585
      }
    },
    "perturb_lateral": {
      "count": 15,
      "consistency": {
        "num_positive": 0,
        "num_negative": 15,
        "accuracy": 0.9333333373069763,
        "precision": 0.0,
        "recall": null,
        "f1_score": null,
        "tnr": 0.9333333333333333,
        "fpr": 0.06666666666666667,
        "auc": null,
        "tp": 0,
        "fp": 1,
        "fn": 0,
        "tn": 14,
        "pos_prob_mean": 0.0,
        "neg_prob_mean": 0.066181480884552
      },
      "validity": {
        "num_positive": 0,
        "num_negative": 15,
        "accuracy": 1.0,
        "precision": null,
        "recall": null,
        "f1_score": null,
        "tnr": 1.0,
        "fpr": 0.0,
        "auc": null,
        "tp": 0,
        "fp": 0,
        "fn": 0,
        "tn": 15,
        "pos_prob_mean": 0.0,
        "neg_prob_mean": 0.03866609185934067
      }
    },
    "perturb_speed": {
      "count": 3,
      "consistency": {
        "num_positive": 0,
        "num_negative": 3,
        "accuracy": 0.6666666865348816,
        "precision": 0.0,
        "recall": null,
        "f1_score": null,
        "tnr": 0.6666666666666666,
        "fpr": 0.3333333333333333,
        "auc": null,
        "tp": 0,
        "fp": 1,
        "fn": 0,
        "tn": 2,
        "pos_prob_mean": 0.0,
        "neg_prob_mean": 0.38854193687438965
      },
      "validity": {
        "num_positive": 0,
        "num_negative": 3,
        "accuracy": 0.3333333432674408,
        "precision": 0.0,
        "recall": null,
        "f1_score": null,
        "tnr": 0.3333333333333333,
        "fpr": 0.6666666666666666,
        "auc": null,
        "tp": 0,
        "fp": 2,
        "fn": 0,
        "tn": 1,
        "pos_prob_mean": 0.0,
        "neg_prob_mean": 0.5041685104370117
      }
    },
    "traj_swap": {
      "count": 33,
      "consistency": {
        "num_positive": 0,
        "num_negative": 33,
        "accuracy": 0.6060606241226196,
        "precision": 0.0,
        "recall": null,
        "f1_score": null,
        "tnr": 0.6060606060606061,
        "fpr": 0.3939393939393939,
        "auc": null,
        "tp": 0,
        "fp": 13,
        "fn": 0,
        "tn": 20,
        "pos_prob_mean": 0.0,
        "neg_prob_mean": 0.3190222680568695
      },
      "validity": {
        "num_positive": 0,
        "num_negative": 33,
        "accuracy": 0.7878788113594055,
        "precision": 0.0,
        "recall": null,
        "f1_score": null,
        "tnr": 0.7878787878787878,
        "fpr": 0.21212121212121213,
        "auc": null,
        "tp": 0,
        "fp": 7,
        "fn": 0,
        "tn": 26,
        "pos_prob_mean": 0.0,
        "neg_prob_mean": 0.21695345640182495
      }
    }
  }
}